Name,Publisher,Installed On,Size (MB),Version,Install Location,Source
Windows Driver Package - FTDI CDM Driver Package - Bus/D2XX Driver (01/18/2013 2.08.28),FTDI,Unknown,,01/18/2013 2.08.28,C:\PROGRA~1\DIFX\862E75C35EC9FF84,msi_apps
Windows Driver Package - FTDI CDM Driver Package - VCP Driver (01/18/2013 2.08.28),FTDI,Unknown,,01/18/2013 2.08.28,C:\PROGRA~1\DIFX\862E75C35EC9FF84,msi_apps
ELAN Touchpad 11.15.0.18_X64,ELAN Microelectronic Corp.,Unknown,,11.15.0.18,%ProgramFiles%\Elantech,msi_apps
Git,The Git Development Community,15-06-2026,335.69 MB,2.54.0,C:\Program Files\Git\,msi_apps
VLC media player,VideoLAN,Unknown,,3.0.3,C:\Program Files\VideoLAN\VLC,msi_apps
Python 3.14.5 Executables (64-bit),Python Software Foundation,10-06-2026,2.79 MB,3.14.5150.0,Unknown,msi_apps
Microsoft Visual C++ 2010  x64 Redistributable - 10.0.40219,Microsoft Corporation,14-02-2022,13.83 MB,10.0.40219,Unknown,msi_apps
Microsoft Update Health Tools,Microsoft Corporation,10-01-2024,1.03 MB,3.74.0.0,Unknown,msi_apps
Python 3.14.5 Tcl/Tk Support (64-bit),Python Software Foundation,10-06-2026,13.71 MB,3.14.5150.0,Unknown,msi_apps
Python 3.14.5 Development Libraries (64-bit),Python Software Foundation,10-06-2026,3.02 MB,3.14.5150.0,Unknown,msi_apps
Microsoft Visual C++ 2022 X64 Minimum Runtime - 14.50.35719,Microsoft Corporation,23-03-2026,2.35 MB,14.50.35719,Unknown,msi_apps
Webex,"Cisco Systems, Inc",05-10-2023,457.12 MB,43.2.0.25211,C:\Users\cpcl\AppData\Local\Programs\Cisco Spark\,msi_apps
Windows PC Health Check,Microsoft Corporation,30-04-2022,11.66 MB,3.6.2204.08001,Unknown,msi_apps
Python 3.14.5 pip Bootstrap (64-bit),Python Software Foundation,10-06-2026,0.28 MB,3.14.5150.0,Unknown,msi_apps
Microsoft Office 64-bit Components 2016,Microsoft Corporation,30-03-2021,73.83 MB,16.0.4266.1001,C:\Program Files (x86)\Microsoft Office\,msi_apps
Microsoft Office Shared 64-bit MUI (English) 2016,Microsoft Corporation,30-03-2021,11.9 MB,16.0.4266.1001,C:\Program Files (x86)\Microsoft Office\,msi_apps
Microsoft Office Shared 64-bit Setup Metadata MUI (English) 2016,Microsoft Corporation,30-03-2021,1.02 MB,16.0.4266.1001,C:\Program Files (x86)\Microsoft Office\,msi_apps
Python 3.14.5 Standard Library (64-bit),Python Software Foundation,10-06-2026,23.97 MB,3.14.5150.0,Unknown,msi_apps
Microsoft Teams Meeting Add-in for Microsoft Office,Microsoft,22-11-2024,30.85 MB,1.24.13005,Unknown,msi_apps
Microsoft Visual C++ 2022 X64 Additional Runtime - 14.50.35719,Microsoft Corporation,23-03-2026,11.59 MB,14.50.35719,Unknown,msi_apps
Update for x64-based Windows Systems (KB5001716),Microsoft Corporation,10-09-2025,0.84 MB,8.94.0.0,Unknown,msi_apps
Google Earth Pro,Google,29-04-2026,225.05 MB,7.3.7.1155,Unknown,msi_apps
Python 3.14.5 Core Interpreter (64-bit),Python Software Foundation,10-06-2026,6.52 MB,3.14.5150.0,Unknown,msi_apps
Python 3.14.5 Documentation (64-bit),Python Software Foundation,10-06-2026,64.21 MB,3.14.5150.0,Unknown,msi_apps
Python 3.14.5 Test Suite (64-bit),Python Software Foundation,10-06-2026,36.82 MB,3.14.5150.0,Unknown,msi_apps
Google Chrome,Google LLC,06-05-2026,,147.0.7727.138,C:\Program Files\Google\Chrome\Application,msi_apps
Logitech SyncAgent,Logitech Europe S.A.,Unknown,82.44 MB,3.0.236.0,C:\Program Files (x86)\Logitech\LogiSync\sync-agent,msi_apps
Copilot,Microsoft Corporation,16-06-2026,2.6 GB,149.0.4022.66,C:\Program Files (x86)\Microsoft\Copilot\Application,msi_apps
Microsoft Edge,Microsoft Corporation,15-06-2026,1.95 GB,149.0.4022.69,C:\Program Files (x86)\Microsoft\Edge\Application,msi_apps
Microsoft Edge WebView2 Runtime,Microsoft Corporation,15-06-2026,1.95 GB,149.0.4022.69,C:\Program Files (x86)\Microsoft\EdgeWebView\Application,msi_apps
Microsoft Office Standard 2016,Microsoft Corporation,Unknown,,16.0.4266.1001,C:\Program Files (x86)\Microsoft Office,msi_apps
SHARP Driver Uninstall Tool,SHARP CORPORATION,11-10-2022,16.62 MB,1.2.1.3,C:\WINDOWS\system32\spool\drivers\x64\3\,msi_apps
WinRAR archiver,Unknown,Unknown,,Unknown,C:\Program Files (x86)\WinRAR,msi_apps
Microsoft Visual C++ 2012 x86 Additional Runtime - 11.0.60610,Microsoft Corporation,14-02-2022,9.67 MB,11.0.60610,Unknown,msi_apps
Microsoft Visual C++ 2019 X86 Minimum Runtime - 14.27.29112,Microsoft Corporation,14-02-2022,1.65 MB,14.27.29112,Unknown,msi_apps
Microsoft Visual C++ 2019 X86 Additional Runtime - 14.27.29112,Microsoft Corporation,14-02-2022,10.09 MB,14.27.29112,Unknown,msi_apps
TOSHIBA Universal Printer 2 driver,TOSHIBA TEC CORPORATION,11-10-2022,0.02 MB,7.204.4408.17,Unknown,msi_apps
Check Point VPN,Check Point Software Technologies Ltd.,04-04-2023,,98.61.4017,Unknown,msi_apps
Microsoft Excel MUI (English) 2016,Microsoft Corporation,30-03-2021,24.48 MB,16.0.4266.1001,C:\Program Files (x86)\Microsoft Office\,msi_apps
Microsoft PowerPoint MUI (English) 2016,Microsoft Corporation,30-03-2021,22.27 MB,16.0.4266.1001,C:\Program Files (x86)\Microsoft Office\,msi_apps
Microsoft Publisher MUI (English) 2016,Microsoft Corporation,30-03-2021,16.05 MB,16.0.4266.1001,C:\Program Files (x86)\Microsoft Office\,msi_apps
Microsoft Outlook MUI (English) 2016,Microsoft Corporation,30-03-2021,15.08 MB,16.0.4266.1001,C:\Program Files (x86)\Microsoft Office\,msi_apps
Microsoft Word MUI (English) 2016,Microsoft Corporation,30-03-2021,31.02 MB,16.0.4266.1001,C:\Program Files (x86)\Microsoft Office\,msi_apps
Microsoft Office Proofing Tools 2016 - English,Microsoft Corporation,30-03-2021,20.87 MB,16.0.4266.1001,C:\Program Files (x86)\Microsoft Office\,msi_apps
Outils de vérification linguistique 2016 de Microsoft Office - Français,Microsoft Corporation,30-03-2021,24.58 MB,16.0.4266.1001,C:\Program Files (x86)\Microsoft Office\,msi_apps
Herramientas de corrección de Microsoft Office 2016: español,Microsoft Corporation,30-03-2021,23.46 MB,16.0.4266.1001,C:\Program Files (x86)\Microsoft Office\,msi_apps
Microsoft Office Proofing (English) 2016,Microsoft Corporation,30-03-2021,1.02 MB,16.0.4266.1001,C:\Program Files (x86)\Microsoft Office\,msi_apps
Microsoft Office Shared MUI (English) 2016,Microsoft Corporation,30-03-2021,21.58 MB,16.0.4266.1001,C:\Program Files (x86)\Microsoft Office\,msi_apps
Microsoft OneNote MUI (English) 2016,Microsoft Corporation,30-03-2021,17.49 MB,16.0.4266.1001,C:\Program Files (x86)\Microsoft Office\,msi_apps
Microsoft Groove MUI (English) 2016,Microsoft Corporation,30-03-2021,8.62 MB,16.0.4266.1001,C:\Program Files (x86)\Microsoft Office\,msi_apps
Microsoft Office OSM MUI (English) 2016,Microsoft Corporation,30-03-2021,1.18 MB,16.0.4266.1001,C:\Program Files (x86)\Microsoft Office\,msi_apps
Microsoft Office OSM UX MUI (English) 2016,Microsoft Corporation,30-03-2021,8.2 MB,16.0.4266.1001,C:\Program Files (x86)\Microsoft Office\,msi_apps
Microsoft Office Shared Setup Metadata MUI (English) 2016,Microsoft Corporation,30-03-2021,1.02 MB,16.0.4266.1001,C:\Program Files (x86)\Microsoft Office\,msi_apps
Microsoft Visual C++ v14 Redistributable (x64) - 14.50.35719,Microsoft Corporation,Unknown,20.7 MB,14.50.35719.0,C:\ProgramData\Package Cache\{91ee571b-0e8a-4c65-9eaf-2e2f5fc60c00},msi_apps
Microsoft Visual C++ 2012 Redistributable (x86) - 11.0.60610,Microsoft Corporation,Unknown,17.38 MB,11.0.60610.1,C:\ProgramData\Package Cache\{95716cce-fc71-413f-8ad5-56c2892d4b3a},msi_apps
PuTTY release 0.75,Simon Tatham,26-08-2021,3.76 MB,0.75.0.0,Unknown,msi_apps
Python Launcher,Python Software Foundation,10-06-2026,1.52 MB,3.14.5150.0,Unknown,msi_apps
Adobe Reader X,Adobe Systems Incorporated,30-03-2021,111.79 MB,10.0.0,C:\Program Files (x86)\Adobe\Reader 10.0\Reader\,msi_apps
Microsoft Visual C++ 2015-2019 Redistributable (x86) - 14.27.29112,Microsoft Corporation,Unknown,19.72 MB,14.27.29112.0,C:\ProgramData\Package Cache\{be826f5f-eda5-45a2-a3fe-c2cb5c1b9842},msi_apps
Cisco Webex Meetings,Cisco Webex LLC,30-03-2021,315.0 MB,40.11.3.12,Unknown,msi_apps
UC232A_Win 8_64bit,"Aten International Co., Ltd.",26-08-2021,,1.0.081,"C:\Program Files (x86)\Aten International Co., Ltd.\UC232A_Win 8_64bit",msi_apps
HCL Notes 11.0.1,HCL,30-03-2021,616.13 MB,11.01.20080,Unknown,msi_apps
Microsoft Visual C++ 2012 x86 Minimum Runtime - 11.0.60610,Microsoft Corporation,14-02-2022,1.72 MB,11.0.60610,Unknown,msi_apps
Realtek High Definition Audio Driver,Realtek Semiconductor Corp.,Unknown,,6.0.1.7564,C:\Program Files\Realtek\Audio\HDA,msi_apps
YouTube,Google\Chrome,04-10-2023,,1.0,C:\Program Files\Google\Chrome\Application,"msi_apps, user_apps"
Docs,Google\Chrome,04-10-2023,,1.0,C:\Program Files\Google\Chrome\Application,"msi_apps, user_apps"
Google Drive,Google\Chrome,04-10-2023,,1.0,C:\Program Files\Google\Chrome\Application,"msi_apps, user_apps"
Sheets,Google\Chrome,04-10-2023,,1.0,C:\Program Files\Google\Chrome\Application,"msi_apps, user_apps"
Slides,Google\Chrome,04-10-2023,,1.0,C:\Program Files\Google\Chrome\Application,"msi_apps, user_apps"
Gmail,Google\Chrome,04-10-2023,,1.0,C:\Program Files\Google\Chrome\Application,"msi_apps, user_apps"
GitHub Desktop,"GitHub, Inc.",15-06-2026,180.83 MB,3.5.12,C:\Users\cpcl\AppData\Local\GitHubDesktop,"msi_apps, user_apps"
Microsoft OneDrive,Microsoft Corporation,Unknown,539.25 MB,26.095.0519.0003,C:\Users\cpcl\AppData\Local\Microsoft\OneDrive\26.095.0519.0003,"msi_apps, user_apps"
Python 3.14.6,Python Software Foundation,15-06-2026,125.68 MB,3.14-64,C:\Users\cpcl\AppData\Local\Python\pythoncore-3.14-64,"msi_apps, user_apps"
Slack,Slack Technologies Inc.,25-09-2023,111.85 MB,4.34.119,C:\Users\cpcl\AppData\Local\slack,"msi_apps, user_apps"
Zoho Assist,Zoho Corporation,Unknown,,111.0.3.266,C:\Program Files (x86)\ZohoMeeting\,"msi_apps, user_apps"
Zoom,"Zoom Video Communications, Inc.",Unknown,,5.17.11 (34827),C:\Users\cpcl\AppData\Roaming\Zoom\bin,"msi_apps, user_apps"
Python 3.14.5 (64-bit),Python Software Foundation,Unknown,172.81 MB,3.14.5150.0,C:\Users\cpcl\AppData\Local\Package Cache\{2fc382fa-68a9-44f7-8851-98d7664255e6},"msi_apps, user_apps"
Ollama version 0.30.8,Ollama,15-06-2026,3.0 GB,0.30.8,C:\Users\cpcl\AppData\Local\Programs\Ollama\,"msi_apps, user_apps"
Microsoft Visual Studio Code (User),Microsoft Corporation,12-06-2026,804.52 MB,1.124.2,C:\Users\cpcl\AppData\Local\Programs\Microsoft VS Code\,"msi_apps, user_apps"
windows.immersivecontrolpanel,"CN=Microsoft Windows, O=Microsoft Corporation, L=Redmond, S=Washington, C=US",,,10.0.2.1000,C:\Windows\ImmersiveControlPanel,store_apps
Microsoft.UI.Xaml.2.0,"CN=Microsoft Corporation, O=Microsoft Corporation, L=Redmond, S=Washington, C=US",,,2.1810.18004.0,C:\Program Files\WindowsApps\Microsoft.UI.Xaml.2.0_2.1810.18004.0_x64__8wekyb3d8bbwe,store_apps
Microsoft.NET.Native.Framework.2.2,"CN=Microsoft Corporation, O=Microsoft Corporation, L=Redmond, S=Washington, C=US",,,2.2.29512.0,C:\Program Files\WindowsApps\Microsoft.NET.Native.Framework.2.2_2.2.29512.0_x64__8wekyb3d8bbwe,store_apps
Microsoft.NET.Native.Runtime.2.2,"CN=Microsoft Corporation, O=Microsoft Corporation, L=Redmond, S=Washington, C=US",,,2.2.28604.0,C:\Program Files\WindowsApps\Microsoft.NET.Native.Runtime.2.2_2.2.28604.0_x64__8wekyb3d8bbwe,store_apps
Microsoft.Wallet,"CN=Microsoft Corporation, O=Microsoft Corporation, L=Redmond, S=Washington, C=US",,,2.4.18324.0,C:\Program Files\WindowsApps\Microsoft.Wallet_2.4.18324.0_x64__8wekyb3d8bbwe,store_apps
Microsoft.XboxSpeechToTextOverlay,"CN=Microsoft Corporation, O=Microsoft Corporation, L=Redmond, S=Washington, C=US",,,1.21.13002.0,C:\Program Files\WindowsApps\Microsoft.XboxSpeechToTextOverlay_1.21.13002.0_x64__8wekyb3d8bbwe,store_apps
Microsoft.XboxGameOverlay,"CN=Microsoft Corporation, O=Microsoft Corporation, L=Redmond, S=Washington, C=US",,,1.54.4001.0,C:\Program Files\WindowsApps\Microsoft.XboxGameOverlay_1.54.4001.0_x64__8wekyb3d8bbwe,store_apps
Microsoft.VCLibs.110.00,"CN=Microsoft Corporation, O=Microsoft Corporation, L=Redmond, S=Washington, C=US",,,11.0.51106.1,C:\Program Files\WindowsApps\Microsoft.VCLibs.110.00_11.0.51106.1_x64__8wekyb3d8bbwe,store_apps
Windows.PrintDialog,"CN=Microsoft Windows, O=Microsoft Corporation, L=Redmond, S=Washington, C=US",,,6.2.1.0,C:\Windows\PrintDialog,store_apps
Microsoft.VCLibs.140.00.UWPDesktop,"CN=Microsoft Corporation, O=Microsoft Corporation, L=Redmond, S=Washington, C=US",,,14.0.30704.0,C:\Program Files\WindowsApps\Microsoft.VCLibs.140.00.UWPDesktop_14.0.30704.0_x64__8wekyb3d8bbwe,store_apps
Microsoft.Print3D,"CN=Microsoft Corporation, O=Microsoft Corporation, L=Redmond, S=Washington, C=US",,,3.3.791.0,C:\Program Files\WindowsApps\Microsoft.Print3D_3.3.791.0_x64__8wekyb3d8bbwe,store_apps
Microsoft.MixedReality.Portal,"CN=Microsoft Corporation, O=Microsoft Corporation, L=Redmond, S=Washington, C=US",,,2000.21051.1282.0,C:\Program Files\WindowsApps\Microsoft.MixedReality.Portal_2000.21051.1282.0_x64__8wekyb3d8bbwe,store_apps
Microsoft.WindowsSoundRecorder,"CN=Microsoft Corporation, O=Microsoft Corporation, L=Redmond, S=Washington, C=US",,,10.2103.28.0,C:\Program Files\WindowsApps\Microsoft.WindowsSoundRecorder_10.2103.28.0_x64__8wekyb3d8bbwe,store_apps
TOSHIBATEC.ToshibaPrintExperience,CN=9D5FD655-656A-4D89-A32C-748C9498C617,,,10.70.3989.68,C:\Program Files\WindowsApps\TOSHIBATEC.ToshibaPrintExperience_10.70.3989.68_x86__8ck45jgtf9y1t,store_apps
Microsoft.ScreenSketch,"CN=Microsoft Corporation, O=Microsoft Corporation, L=Redmond, S=Washington, C=US",,,10.2008.3001.0,C:\Program Files\WindowsApps\Microsoft.ScreenSketch_10.2008.3001.0_x64__8wekyb3d8bbwe,store_apps
Microsoft.WindowsAppRuntime.1.2,"CN=Microsoft Corporation, O=Microsoft Corporation, L=Redmond, S=Washington, C=US",,,2000.802.31.0,C:\Program Files\WindowsApps\Microsoft.WindowsAppRuntime.1.2_2000.802.31.0_x64__8wekyb3d8bbwe,store_apps
Microsoft.549981C3F5F10,"CN=Microsoft Corporation, O=Microsoft Corporation, L=Redmond, S=Washington, C=US",,,4.2308.1005.0,C:\Program Files\WindowsApps\Microsoft.549981C3F5F10_4.2308.1005.0_x64__8wekyb3d8bbwe,store_apps
Microsoft.Services.Store.Engagement,"CN=Microsoft Corporation, O=Microsoft Corporation, L=Redmond, S=Washington, C=US",,,10.0.23012.0,C:\Program Files\WindowsApps\Microsoft.Services.Store.Engagement_10.0.23012.0_x64__8wekyb3d8bbwe,store_apps
Microsoft.Getstarted,"CN=Microsoft Corporation, O=Microsoft Corporation, L=Redmond, S=Washington, C=US",,,10.2312.1.0,C:\Program Files\WindowsApps\Microsoft.Getstarted_10.2312.1.0_x64__8wekyb3d8bbwe,store_apps
Microsoft.BioEnrollment,"CN=Microsoft Windows, O=Microsoft Corporation, L=Redmond, S=Washington, C=US",,,10.0.19041.4239,C:\Windows\SystemApps\Microsoft.BioEnrollment_cw5n1h2txyewy,store_apps
Microsoft.Windows.OOBENetworkConnectionFlow,"CN=Microsoft Windows, O=Microsoft Corporation, L=Redmond, S=Washington, C=US",,,10.0.19041.4239,C:\Windows\SystemApps\Microsoft.Windows.OOBENetworkConnectionFlow_cw5n1h2txyewy,store_apps
Microsoft.AAD.BrokerPlugin,"CN=Microsoft Windows, O=Microsoft Corporation, L=Redmond, S=Washington, C=US",,,1000.19041.4239.0,C:\Windows\SystemApps\Microsoft.AAD.BrokerPlugin_cw5n1h2txyewy,store_apps
Microsoft.Windows.OOBENetworkCaptivePortal,"CN=Microsoft Windows, O=Microsoft Corporation, L=Redmond, S=Washington, C=US",,,10.0.19041.4239,C:\Windows\SystemApps\Microsoft.Windows.OOBENetworkCaptivePortal_cw5n1h2txyewy,store_apps
MicrosoftWindows.UndockedDevKit,"CN=Microsoft Windows, O=Microsoft Corporation, L=Redmond, S=Washington, C=US",,,10.0.19041.4239,C:\Windows\SystemApps\MicrosoftWindows.UndockedDevKit_cw5n1h2txyewy,store_apps
Microsoft.Windows.ContentDeliveryManager,"CN=Microsoft Windows, O=Microsoft Corporation, L=Redmond, S=Washington, C=US",,,10.0.19041.4239,C:\Windows\SystemApps\Microsoft.Windows.ContentDeliveryManager_cw5n1h2txyewy,store_apps
Windows.CBSPreview,"CN=Microsoft Windows, O=Microsoft Corporation, L=Redmond, S=Washington, C=US",,,10.0.19041.4239,C:\Windows\SystemApps\Windows.CBSPreview_cw5n1h2txyewy,store_apps
NcsiUwpApp,"CN=Microsoft Corporation, O=Microsoft Corporation, L=Redmond, S=Washington, C=US",,,1000.19041.4239.0,C:\Windows\SystemApps\NcsiUwpApp_8wekyb3d8bbwe,store_apps
Microsoft.XboxGameCallableUI,"CN=Microsoft Windows, O=Microsoft Corporation, L=Redmond, S=Washington, C=US",,,1000.19041.4239.0,C:\Windows\SystemApps\Microsoft.XboxGameCallableUI_cw5n1h2txyewy,store_apps
Microsoft.Windows.XGpuEjectDialog,"CN=Microsoft Windows, O=Microsoft Corporation, L=Redmond, S=Washington, C=US",,,10.0.19041.4239,C:\Windows\SystemApps\Microsoft.Windows.XGpuEjectDialog_cw5n1h2txyewy,store_apps
Microsoft.Windows.SecureAssessmentBrowser,"CN=Microsoft Windows, O=Microsoft Corporation, L=Redmond, S=Washington, C=US",,,10.0.19041.4239,C:\Windows\SystemApps\Microsoft.Windows.SecureAssessmentBrowser_cw5n1h2txyewy,store_apps
Microsoft.Windows.SecHealthUI,"CN=Microsoft Windows, O=Microsoft Corporation, L=Redmond, S=Washington, C=US",,,10.0.19041.4239,C:\Windows\SystemApps\Microsoft.Windows.SecHealthUI_cw5n1h2txyewy,store_apps
Microsoft.Windows.PinningConfirmationDialog,"CN=Microsoft Windows, O=Microsoft Corporation, L=Redmond, S=Washington, C=US",,,1000.19041.4239.0,C:\Windows\SystemApps\Microsoft.Windows.PinningConfirmationDialog_cw5n1h2txyewy,store_apps
Microsoft.Windows.PeopleExperienceHost,"CN=Microsoft Windows, O=Microsoft Corporation, L=Redmond, S=Washington, C=US",,,10.0.19041.4239,C:\Windows\SystemApps\Microsoft.Windows.PeopleExperienceHost_cw5n1h2txyewy,store_apps
Microsoft.Windows.ParentalControls,"CN=Microsoft Windows, O=Microsoft Corporation, L=Redmond, S=Washington, C=US",,,1000.19041.4239.0,C:\Windows\SystemApps\ParentalControls_cw5n1h2txyewy,store_apps
Microsoft.Windows.NarratorQuickStart,"CN=Microsoft Corporation, O=Microsoft Corporation, L=Redmond, S=Washington, C=US",,,10.0.19041.4239,C:\Windows\SystemApps\microsoft.windows.narratorquickstart_8wekyb3d8bbwe,store_apps
Microsoft.Windows.CapturePicker,"CN=Microsoft Windows, O=Microsoft Corporation, L=Redmond, S=Washington, C=US",,,10.0.19041.4239,C:\Windows\SystemApps\Microsoft.Windows.CapturePicker_cw5n1h2txyewy,store_apps
Microsoft.Windows.CallingShellApp,"CN=Microsoft Windows, O=Microsoft Corporation, L=Redmond, S=Washington, C=US",,,1000.19041.4239.0,C:\Windows\SystemApps\Microsoft.Windows.CallingShellApp_cw5n1h2txyewy,store_apps
Microsoft.Windows.AssignedAccessLockApp,"CN=Microsoft Windows, O=Microsoft Corporation, L=Redmond, S=Washington, C=US",,,1000.19041.4239.0,C:\Windows\SystemApps\Microsoft.Windows.AssignedAccessLockApp_cw5n1h2txyewy,store_apps
Microsoft.Windows.Apprep.ChxApp,"CN=Microsoft Windows, O=Microsoft Corporation, L=Redmond, S=Washington, C=US",,,1000.19041.4239.0,C:\Windows\SystemApps\Microsoft.Windows.AppRep.ChxApp_cw5n1h2txyewy,store_apps
Microsoft.Win32WebViewHost,"CN=Microsoft Windows, O=Microsoft Corporation, L=Redmond, S=Washington, C=US",,,10.0.19041.4239,C:\Windows\SystemApps\Microsoft.Win32WebViewHost_cw5n1h2txyewy,store_apps
Microsoft.MicrosoftEdgeDevToolsClient,"CN=Microsoft Corporation, O=Microsoft Corporation, L=Redmond, S=Washington, C=US",,,1000.19041.4239.0,C:\Windows\SystemApps\Microsoft.MicrosoftEdgeDevToolsClient_8wekyb3d8bbwe,store_apps
Microsoft.LockApp,"CN=Microsoft Windows, O=Microsoft Corporation, L=Redmond, S=Washington, C=US",,,10.0.19041.4239,C:\Windows\SystemApps\Microsoft.LockApp_cw5n1h2txyewy,store_apps
Microsoft.CredDialogHost,"CN=Microsoft Windows, O=Microsoft Corporation, L=Redmond, S=Washington, C=US",,,10.0.19041.4239,C:\Windows\SystemApps\microsoft.creddialoghost_cw5n1h2txyewy,store_apps
Microsoft.AsyncTextService,"CN=Microsoft Corporation, O=Microsoft Corporation, L=Redmond, S=Washington, C=US",,,10.0.19041.4239,C:\Windows\SystemApps\Microsoft.AsyncTextService_8wekyb3d8bbwe,store_apps
Microsoft.AccountsControl,"CN=Microsoft Windows, O=Microsoft Corporation, L=Redmond, S=Washington, C=US",,,10.0.19041.4239,C:\Windows\SystemApps\Microsoft.AccountsControl_cw5n1h2txyewy,store_apps
F46D4000-FD22-4DB4-AC8E-4E1DDDE828FE,"CN=Microsoft Windows, O=Microsoft Corporation, L=Redmond, S=Washington, C=US",,,10.0.19041.4239,C:\Windows\SystemApps\Microsoft.Windows.AddSuggestedFoldersToLibraryDialog_cw5n1h2txyewy,store_apps
E2A4F912-2574-4A75-9BB0-0D023378592B,"CN=Microsoft Windows, O=Microsoft Corporation, L=Redmond, S=Washington, C=US",,,10.0.19041.4239,C:\Windows\SystemApps\Microsoft.Windows.AppResolverUX_cw5n1h2txyewy,store_apps
c5e2524a-ea46-4f67-841f-6a9465d9d515,"CN=Microsoft Windows, O=Microsoft Corporation, L=Redmond, S=Washington, C=US",,,10.0.19041.4239,C:\Windows\SystemApps\Microsoft.Windows.FileExplorer_cw5n1h2txyewy,store_apps
1527c705-839a-4832-9118-54d4Bd6a0c89,"CN=Microsoft Windows, O=Microsoft Corporation, L=Redmond, S=Washington, C=US",,,10.0.19041.4239,C:\Windows\SystemApps\Microsoft.Windows.FilePicker_cw5n1h2txyewy,store_apps
Microsoft.People,"CN=Microsoft Corporation, O=Microsoft Corporation, L=Redmond, S=Washington, C=US",,,10.2202.100.0,C:\Program Files\WindowsApps\Microsoft.People_10.2202.100.0_x64__8wekyb3d8bbwe,store_apps
Microsoft.MicrosoftStickyNotes,"CN=Microsoft Corporation, O=Microsoft Corporation, L=Redmond, S=Washington, C=US",,,6.1.4.0,C:\Program Files\WindowsApps\Microsoft.MicrosoftStickyNotes_6.1.4.0_x64__8wekyb3d8bbwe,store_apps
AppUp.IntelGraphicsExperience,CN=EB51A5DA-0E72-4863-82E4-EA21C1F8DFE3,,,1.100.5688.0,C:\Program Files\WindowsApps\AppUp.IntelGraphicsExperience_1.100.5688.0_x64__8j3eq9eme6ctt,store_apps
Microsoft.ECApp,"CN=Microsoft Corporation, O=Microsoft Corporation, L=Redmond, S=Washington, C=US",,,10.0.19041.4597,C:\Windows\SystemApps\Microsoft.ECApp_8wekyb3d8bbwe,store_apps
Microsoft.MSPaint,"CN=Microsoft Corporation, O=Microsoft Corporation, L=Redmond, S=Washington, C=US",,,6.2410.13017.0,C:\Program Files\WindowsApps\Microsoft.MSPaint_6.2410.13017.0_x64__8wekyb3d8bbwe,store_apps
Microsoft.Windows.ShellExperienceHost,"CN=Microsoft Windows, O=Microsoft Corporation, L=Redmond, S=Washington, C=US",,,10.0.19041.5072,C:\Windows\SystemApps\ShellExperienceHost_cw5n1h2txyewy,store_apps
Microsoft.Windows.StartMenuExperienceHost,"CN=Microsoft Windows, O=Microsoft Corporation, L=Redmond, S=Washington, C=US",,,10.0.19041.5438,C:\Windows\SystemApps\Microsoft.Windows.StartMenuExperienceHost_cw5n1h2txyewy,store_apps
Microsoft.Windows.DevHome,"CN=Microsoft Corporation, O=Microsoft Corporation, L=Redmond, S=Washington, C=US",,,0.2100.858.0,C:\Program Files\WindowsApps\Microsoft.Windows.DevHome_0.2100.858.0_x64__8wekyb3d8bbwe,store_apps
microsoft.windowscommunicationsapps,"CN=Microsoft Corporation, O=Microsoft Corporation, L=Redmond, S=Washington, C=US",,,16005.14326.22342.0,C:\Program Files\WindowsApps\microsoft.windowscommunicationsapps_16005.14326.22342.0_x64__8wekyb3d8bbwe,store_apps
Microsoft.SkypeApp,"CN=Skype Software Sarl, O=Microsoft Corporation, L=Luxembourg, S=Luxembourg, C=LU",,,15.150.3125.0,C:\Program Files\WindowsApps\Microsoft.SkypeApp_15.150.3125.0_x64__kzf8qxf38zg5c,store_apps
Microsoft.WindowsMaps,"CN=Microsoft Corporation, O=Microsoft Corporation, L=Redmond, S=Washington, C=US",,,11.2506.3.0,C:\Program Files\WindowsApps\Microsoft.WindowsMaps_11.2506.3.0_x64__8wekyb3d8bbwe,store_apps
Microsoft.Office.OneNote,"CN=Microsoft Corporation, O=Microsoft Corporation, L=Redmond, S=Washington, C=US",,,16001.14326.22594.0,C:\Program Files\WindowsApps\Microsoft.Office.OneNote_16001.14326.22594.0_x64__8wekyb3d8bbwe,store_apps
XeroxCorp.PrintExperience,CN=8D94148D-A6AB-4284-8839-E703164C4BAA,,,9.70.15.0,C:\Program Files\WindowsApps\XeroxCorp.PrintExperience_9.70.15.0_x64__f7egpvdyrs2a8,store_apps
Microsoft.BingSearch,"CN=Microsoft Corporation, O=Microsoft Corporation, L=Redmond, S=Washington, C=US",,,1.1.40.0,C:\Program Files\WindowsApps\Microsoft.BingSearch_1.1.40.0_x64__8wekyb3d8bbwe,store_apps
MicrosoftWindows.Client.CBS,"CN=Microsoft Windows, O=Microsoft Corporation, L=Redmond, S=Washington, C=US",,,1000.19062.1000.0,C:\Windows\SystemApps\MicrosoftWindows.Client.CBS_cw5n1h2txyewy,store_apps
MicrosoftWindows.CrossDevice,"CN=Microsoft Windows, O=Microsoft Corporation, L=Redmond, S=Washington, C=US",,,1.25072.59.0,C:\Program Files\WindowsApps\MicrosoftWindows.CrossDevice_1.25072.59.0_x64__cw5n1h2txyewy,store_apps
Microsoft.XboxIdentityProvider,"CN=Microsoft Corporation, O=Microsoft Corporation, L=Redmond, S=Washington, C=US",,,12.130.16001.0,C:\Program Files\WindowsApps\Microsoft.XboxIdentityProvider_12.130.16001.0_x64__8wekyb3d8bbwe,store_apps
Microsoft.Windows.CloudExperienceHost,"CN=Microsoft Windows, O=Microsoft Corporation, L=Redmond, S=Washington, C=US",,,10.0.19041.6396,C:\Windows\SystemApps\Microsoft.Windows.CloudExperienceHost_cw5n1h2txyewy,store_apps
Microsoft.WindowsCamera,"CN=Microsoft Corporation, O=Microsoft Corporation, L=Redmond, S=Washington, C=US",,,2025.2510.2.0,C:\Program Files\WindowsApps\Microsoft.WindowsCamera_2025.2510.2.0_x64__8wekyb3d8bbwe,store_apps
Microsoft.WindowsCalculator,"CN=Microsoft Corporation, O=Microsoft Corporation, L=Redmond, S=Washington, C=US",,,11.2508.4.0,C:\Program Files\WindowsApps\Microsoft.WindowsCalculator_11.2508.4.0_x64__8wekyb3d8bbwe,store_apps
Microsoft.WebpImageExtension,"CN=Microsoft Corporation, O=Microsoft Corporation, L=Redmond, S=Washington, C=US",,,1.2.14.0,C:\Program Files\WindowsApps\Microsoft.WebpImageExtension_1.2.14.0_x64__8wekyb3d8bbwe,store_apps
Microsoft.WebMediaExtensions,"CN=Microsoft Corporation, O=Microsoft Corporation, L=Redmond, S=Washington, C=US",,,1.2.17.0,C:\Program Files\WindowsApps\Microsoft.WebMediaExtensions_1.2.17.0_x64__8wekyb3d8bbwe,store_apps
Microsoft.WindowsAlarms,"CN=Microsoft Corporation, O=Microsoft Corporation, L=Redmond, S=Washington, C=US",,,11.2512.0.0,C:\Program Files\WindowsApps\Microsoft.WindowsAlarms_11.2512.0.0_x64__8wekyb3d8bbwe,store_apps
Microsoft.Microsoft3DViewer,"CN=Microsoft Corporation, O=Microsoft Corporation, L=Redmond, S=Washington, C=US",,,7.2602.8012.0,C:\Program Files\WindowsApps\Microsoft.Microsoft3DViewer_7.2602.8012.0_x64__8wekyb3d8bbwe,store_apps
Microsoft.Copilot,"CN=Microsoft Corporation, O=Microsoft Corporation, L=Redmond, S=Washington, C=US",,,149.0.4022.66,C:\Program Files\WindowsApps\Microsoft.Copilot_149.0.4022.66_neutral__8wekyb3d8bbwe,store_apps
Microsoft.AV1VideoExtension,"CN=Microsoft Corporation, O=Microsoft Corporation, L=Redmond, S=Washington, C=US",,,2.0.7.0,C:\Program Files\WindowsApps\Microsoft.AV1VideoExtension_2.0.7.0_x64__8wekyb3d8bbwe,store_apps
Microsoft.YourPhone,"CN=Microsoft Corporation, O=Microsoft Corporation, L=Redmond, S=Washington, C=US",,,1.25072.79.0,C:\Program Files\WindowsApps\Microsoft.YourPhone_1.25072.79.0_x64__8wekyb3d8bbwe,store_apps
Microsoft.DesktopAppInstaller,"CN=Microsoft Corporation, O=Microsoft Corporation, L=Redmond, S=Washington, C=US",,,1.28.240.0,C:\Program Files\WindowsApps\Microsoft.DesktopAppInstaller_1.28.240.0_x64__8wekyb3d8bbwe,store_apps
Microsoft.GetHelp,"CN=Microsoft Corporation, O=Microsoft Corporation, L=Redmond, S=Washington, C=US",,,10.2409.41132.0,C:\Program Files\WindowsApps\Microsoft.GetHelp_10.2409.41132.0_x64__8wekyb3d8bbwe,store_apps
Microsoft.VP9VideoExtensions,"CN=Microsoft Corporation, O=Microsoft Corporation, L=Redmond, S=Washington, C=US",,,1.2.13.0,C:\Program Files\WindowsApps\Microsoft.VP9VideoExtensions_1.2.13.0_x64__8wekyb3d8bbwe,store_apps
Microsoft.BingWeather,"CN=Microsoft Corporation, O=Microsoft Corporation, L=Redmond, S=Washington, C=US",,,4.54.63040.0,C:\Program Files\WindowsApps\Microsoft.BingWeather_4.54.63040.0_x64__8wekyb3d8bbwe,store_apps
Microsoft.ZuneVideo,"CN=Microsoft Corporation, O=Microsoft Corporation, L=Redmond, S=Washington, C=US",,,10.26041.10031.0,C:\Program Files\WindowsApps\Microsoft.ZuneVideo_10.26041.10031.0_x64__8wekyb3d8bbwe,store_apps
Microsoft.WindowsStore,"CN=Microsoft Corporation, O=Microsoft Corporation, L=Redmond, S=Washington, C=US",,,22604.1401.8.0,C:\Program Files\WindowsApps\Microsoft.WindowsStore_22604.1401.8.0_x64__8wekyb3d8bbwe,store_apps
Microsoft.OutlookForWindows,"CN=Microsoft Corporation, O=Microsoft Corporation, L=Redmond, S=Washington, C=US",,,1.2026.520.0,C:\Program Files\WindowsApps\Microsoft.OutlookForWindows_1.2026.520.0_x64__8wekyb3d8bbwe,store_apps
Microsoft.Windows.Photos,"CN=Microsoft Corporation, O=Microsoft Corporation, L=Redmond, S=Washington, C=US",,,2026.11050.1001.0,C:\Program Files\WindowsApps\Microsoft.Windows.Photos_2026.11050.1001.0_x64__8wekyb3d8bbwe,store_apps
Microsoft.StorePurchaseApp,"CN=Microsoft Corporation, O=Microsoft Corporation, L=Redmond, S=Washington, C=US",,,22604.1401.3.0,C:\Program Files\WindowsApps\Microsoft.StorePurchaseApp_22604.1401.3.0_x64__8wekyb3d8bbwe,store_apps
Microsoft.ZuneMusic,"CN=Microsoft Corporation, O=Microsoft Corporation, L=Redmond, S=Washington, C=US",,,11.2604.10.0,C:\Program Files\WindowsApps\Microsoft.ZuneMusic_11.2604.10.0_x64__8wekyb3d8bbwe,store_apps
91750D7E.Slack,CN=B25A2379-D5D0-455B-826A-BFFC7EBB5713,,,4.50.136.0,C:\Program Files\WindowsApps\91750D7E.Slack_4.50.136.0_x64__8she8kybcnzg4,store_apps
Claude,"CN=""Anthropic, PBC"", O=""Anthropic, PBC"", L=San Francisco, S=California, C=US, SERIALNUMBER=4860621, OID.2.5.4.15=Private Organization, OID.1.3.6.1.4.1.311.60.2.1.2=Delaware, OID.1.3.6.1.4.1.311.60.2.1.3=US",,,1.12603.1.0,C:\Program Files\WindowsApps\Claude_1.12603.1.0_x64__pzs8sxrjxfjjc,store_apps
MSTeams,"CN=Microsoft Corporation, O=Microsoft Corporation, L=Redmond, S=Washington, C=US",,,26134.1702.4747.7366,C:\Program Files\WindowsApps\MSTeams_26134.1702.4747.7366_x64__8wekyb3d8bbwe,store_apps
Microsoft.Windows.Search,"CN=Microsoft Windows, O=Microsoft Corporation, L=Redmond, S=Washington, C=US",,,1.14.18.19041,C:\Windows\SystemApps\Microsoft.Windows.Search_cw5n1h2txyewy,store_apps
Microsoft.HEIFImageExtension,"CN=Microsoft Corporation, O=Microsoft Corporation, L=Redmond, S=Washington, C=US",,,1.2.36.0,C:\Program Files\WindowsApps\Microsoft.HEIFImageExtension_1.2.36.0_x64__8wekyb3d8bbwe,store_apps
Microsoft.XboxGamingOverlay,"CN=Microsoft Corporation, O=Microsoft Corporation, L=Redmond, S=Washington, C=US",,,7.326.6011.0,C:\Program Files\WindowsApps\Microsoft.XboxGamingOverlay_7.326.6011.0_x64__8wekyb3d8bbwe,store_apps
Microsoft.MicrosoftOfficeHub,"CN=Microsoft Corporation, O=Microsoft Corporation, L=Redmond, S=Washington, C=US",,,19.2606.39121.0,C:\Program Files\WindowsApps\Microsoft.MicrosoftOfficeHub_19.2606.39121.0_x64__8wekyb3d8bbwe,store_apps
Microsoft.MicrosoftEdge.Stable,"CN=Microsoft Corporation, O=Microsoft Corporation, L=Redmond, S=Washington, C=US",,,149.0.4022.69,C:\Program Files\WindowsApps\Microsoft.MicrosoftEdge.Stable_149.0.4022.69_neutral__8wekyb3d8bbwe,store_apps
Microsoft.WindowsFeedbackHub,"CN=Microsoft Corporation, O=Microsoft Corporation, L=Redmond, S=Washington, C=US",,,1.2603.26301.0,C:\Program Files\WindowsApps\Microsoft.WindowsFeedbackHub_1.2603.26301.0_x64__8wekyb3d8bbwe,store_apps
PythonSoftwareFoundation.PythonManager,"CN=Python Software Foundation, O=Python Software Foundation, L=Beaverton, S=Oregon, C=US",,,26.2.240.0,C:\Program Files\WindowsApps\PythonSoftwareFoundation.PythonManager_26.2.240.0_x64__3847v3x7pw1km,store_apps
Teams_windows_x64,Unknown,,109.16 MB,Unknown,D:\Teams_windows_x64.exe,portable_apps
AnyDesk (1),Unknown,,3.63 MB,Unknown,C:\Users\cpcl\Downloads\AnyDesk (1).exe,portable_apps
AnyDesk (2),Unknown,,3.63 MB,Unknown,C:\Users\cpcl\Downloads\AnyDesk (2).exe,portable_apps
AnyDesk,Unknown,,3.59 MB,Unknown,C:\Users\cpcl\Downloads\AnyDesk.exe,portable_apps
Autodesk_Navisworks_Freedom_2022_Win_64bit_dlm.sfx (1),Unknown,,1.08 GB,Unknown,C:\Users\cpcl\Downloads\Autodesk_Navisworks_Freedom_2022_Win_64bit_dlm.sfx (1).exe,portable_apps
Autodesk_Navisworks_Freedom_2022_Win_64bit_dlm.sfx,Unknown,,1.08 GB,Unknown,C:\Users\cpcl\Downloads\Autodesk_Navisworks_Freedom_2022_Win_64bit_dlm.sfx.exe,portable_apps
CDM20828_Setup,Unknown,,1.83 MB,Unknown,C:\Users\cpcl\Downloads\CDM20828_Setup.exe,portable_apps
ChromeSetup,Unknown,,1.24 MB,Unknown,C:\Users\cpcl\Downloads\ChromeSetup.exe,portable_apps
Claude Setup (1),Unknown,,6.68 MB,Unknown,C:\Users\cpcl\Downloads\Claude Setup (1).exe,portable_apps
Claude Setup (2),Unknown,,6.68 MB,Unknown,C:\Users\cpcl\Downloads\Claude Setup (2).exe,portable_apps
Claude Setup,Unknown,,6.68 MB,Unknown,C:\Users\cpcl\Downloads\Claude Setup.exe,portable_apps
Git-2.54.0-64-bit,Unknown,,62.16 MB,Unknown,C:\Users\cpcl\Downloads\Git-2.54.0-64-bit.exe,portable_apps
GitHubDesktopSetup-x64,Unknown,,181.4 MB,Unknown,C:\Users\cpcl\Downloads\GitHubDesktopSetup-x64.exe,portable_apps
MSTeamsSetup (1),Unknown,,1.3 MB,Unknown,C:\Users\cpcl\Downloads\MSTeamsSetup (1).exe,portable_apps
MSTeamsSetup (2),Unknown,,1.3 MB,Unknown,C:\Users\cpcl\Downloads\MSTeamsSetup (2).exe,portable_apps
MSTeamsSetup,Unknown,,1.3 MB,Unknown,C:\Users\cpcl\Downloads\MSTeamsSetup.exe,portable_apps
MXB18_PCL6_PS_1512a_32bit,Unknown,,20.73 MB,Unknown,C:\Users\cpcl\Downloads\MXB18_PCL6_PS_1512a_32bit.exe,portable_apps
OllamaSetup,Unknown,,1.3 GB,Unknown,C:\Users\cpcl\Downloads\OllamaSetup.exe,portable_apps
OperaSetup,Unknown,,2.64 MB,Unknown,C:\Users\cpcl\Downloads\OperaSetup.exe,portable_apps
PL2303-Prolific_DriverInstaller_v1200,Unknown,,6.67 MB,Unknown,C:\Users\cpcl\Downloads\PL2303-Prolific_DriverInstaller_v1200.exe,portable_apps
PL2303_CheckChipVersion_v1006,Unknown,,0.2 MB,Unknown,C:\Users\cpcl\Downloads\PL2303_CheckChipVersion_v1006.exe,portable_apps
PL2303_Prolific_DriverInstaller_v1210,Unknown,,3.03 MB,Unknown,C:\Users\cpcl\Downloads\PL2303_Prolific_DriverInstaller_v1210.exe,portable_apps
PL2303_Vista_32_64_332102,Unknown,,2.91 MB,Unknown,C:\Users\cpcl\Downloads\PL2303_Vista_32_64_332102.exe,portable_apps
python-3.14.5-amd64,Unknown,,28.96 MB,Unknown,C:\Users\cpcl\Downloads\python-3.14.5-amd64.exe,portable_apps
SlackSetup (1),Unknown,,98.64 MB,Unknown,C:\Users\cpcl\Downloads\SlackSetup (1).exe,portable_apps
SlackSetup,Unknown,,91.05 MB,Unknown,C:\Users\cpcl\Downloads\SlackSetup.exe,portable_apps
TeamsSetupx64_s_8DAA039C3EBA309-7-0_c_w_,Unknown,,1.37 MB,Unknown,C:\Users\cpcl\Downloads\TeamsSetupx64_s_8DAA039C3EBA309-7-0_c_w_.exe,portable_apps
TeamsSetupx64_s_8DAA039CF630452-7-0_c_w_,Unknown,,1.37 MB,Unknown,C:\Users\cpcl\Downloads\TeamsSetupx64_s_8DAA039CF630452-7-0_c_w_.exe,portable_apps
UC232A_Windows_Setup_V1.0.081,Unknown,,3.66 MB,Unknown,C:\Users\cpcl\Downloads\UC232A_Windows_Setup_V1.0.081.exe,portable_apps
VLC media player _idRvZ,Unknown,,5.06 MB,Unknown,C:\Users\cpcl\Downloads\VLC media player _idRvZ.exe,portable_apps
VSCodeUserSetup-x64-1.124.0,Unknown,,176.38 MB,Unknown,C:\Users\cpcl\Downloads\VSCodeUserSetup-x64-1.124.0.exe,portable_apps
webex (1),Unknown,,0.46 MB,Unknown,C:\Users\cpcl\Downloads\webex (1).exe,portable_apps
webex,Unknown,,0.43 MB,Unknown,C:\Users\cpcl\Downloads\webex.exe,portable_apps
ZA_Connect (1),Unknown,,1.06 MB,Unknown,C:\Users\cpcl\Downloads\ZA_Connect (1).exe,portable_apps
ZA_Connect,Unknown,,1.06 MB,Unknown,C:\Users\cpcl\Downloads\ZA_Connect.exe,portable_apps
ZoomInstaller,Unknown,,14.72 MB,Unknown,C:\Users\cpcl\Downloads\ZoomInstaller.exe,portable_apps
2809-64-pcl-xps-53030.zip,,,8.13 MB,,,zip_files
All files.zip,,,0.26 MB,,,zip_files
AnyDesk (1).exe,,,3.63 MB,,,zip_files
AnyDesk (2).exe,,,3.63 MB,,,zip_files
AnyDesk.exe,,,3.59 MB,,,zip_files
Autodesk_Navisworks_Freedom_2022_Win_64bit_dlm.sfx (1).exe,,,1.08 GB,,,zip_files
Autodesk_Navisworks_Freedom_2022_Win_64bit_dlm.sfx.exe,,,1.08 GB,,,zip_files
CDM20828_Setup.exe,,,1.83 MB,,,zip_files
ChromeSetup.exe,,,1.24 MB,,,zip_files
Claude Setup (1).exe,,,6.68 MB,,,zip_files
Claude Setup (2).exe,,,6.68 MB,,,zip_files
Claude Setup.exe,,,6.68 MB,,,zip_files
CPCL-CBR MOM dt 28-29.09.2022.zip,,,1.03 MB,,,zip_files
E84.71_CheckPointVPN.msi,,,24.46 MB,,,zip_files
E86.50_CheckPointVPN.msi,,,31.3 MB,,,zip_files
Fwd_  (1).zip,,,0.26 MB,,,zip_files
Fwd_ .zip,,,0.26 MB,,,zip_files
"Fw_ Exhibition Opportunity at National Platform for Disaster Risk Reduction, (NPDRR) (1).zip",,,2.8 MB,,,zip_files
"Fw_ Exhibition Opportunity at National Platform for Disaster Risk Reduction, (NPDRR).zip",,,6.22 MB,,,zip_files
Git-2.54.0-64-bit.exe,,,62.16 MB,,,zip_files
GitHubDesktopSetup-x64.exe,,,181.4 MB,,,zip_files
LFDCOMNZA-07_COMMON_2018-2019_NA_ZB_L04_210607.0.zip,,,11.98 MB,,,zip_files
MiSetup2.2.0.7032_2717.zip,,,36.19 MB,,,zip_files
MSTeamsSetup (1).exe,,,1.3 MB,,,zip_files
MSTeamsSetup (2).exe,,,1.3 MB,,,zip_files
MSTeamsSetup.exe,,,1.3 MB,,,zip_files
MXB18_PCL6_PS_1512a_32bit.exe,,,20.73 MB,,,zip_files
OllamaSetup.exe,,,1.3 GB,,,zip_files
OperaSetup.exe,,,2.64 MB,,,zip_files
PL2303-Prolific_DriverInstaller_v1200.exe,,,6.67 MB,,,zip_files
pl2303driver_Windows_allinone.zip,,,2.26 MB,,,zip_files
PL2303_CheckChipVersion_v1006.exe,,,0.2 MB,,,zip_files
PL2303_Prolific_DriverInstaller_v1200.zip,,,7.14 MB,,,zip_files
PL2303_Prolific_DriverInstaller_v1210.exe,,,3.03 MB,,,zip_files
PL2303_Vista_32_64_332102.exe,,,2.91 MB,,,zip_files
PL2303_Vista_32_64_332102.zip,,,2.15 MB,,,zip_files
putty-0.75-installer.msi,,,2.8 MB,,,zip_files
putty-64bit-0.80-installer.msi,,,3.54 MB,,,zip_files
putty-arm64-0.76-installer.msi,,,2.52 MB,,,zip_files
python-3.14.5-amd64.exe,,,28.96 MB,,,zip_files
RE__Regarding_PDR_Crude_tanks_-_Jet_mixer_datasheet.zip,,,0.77 MB,,,zip_files
SlackSetup (1).exe,,,98.64 MB,,,zip_files
SlackSetup.exe,,,91.05 MB,,,zip_files
TeamsSetupx64_s_8DAA039C3EBA309-7-0_c_w_.exe,,,1.37 MB,,,zip_files
TeamsSetupx64_s_8DAA039CF630452-7-0_c_w_.exe,,,1.37 MB,,,zip_files
Teams_windows_x64.exe,,,115.84 MB,,,zip_files
TOSHIBA_e-STUDIO_Universal_Printer_Driver_2_v7.204.4408.17.zip,,,85.5 MB,,,zip_files
UC232A_Windows_Setup_V1.0.081.exe,,,3.66 MB,,,zip_files
UD3_02_PCL6_2201a.zip,,,14.91 MB,,,zip_files
USB_Serial_win2000_xp_vista_x86_x64_7.zip,,,2.41 MB,,,zip_files
VLC media player _idRvZ.exe,,,5.06 MB,,,zip_files
VSCodeUserSetup-x64-1.124.0.exe,,,176.38 MB,,,zip_files
webex (1).exe,,,0.46 MB,,,zip_files
webex.exe,,,0.43 MB,,,zip_files
Win_32_64Bit_WHQL_TWAIN_1605a.zip,,,9.95 MB,,,zip_files
Xiaomi_PC_Suite_3.2.1.3111.zip,,,38.89 MB,,,zip_files
ZA_Connect (1).exe,,,1.06 MB,,,zip_files
ZA_Connect.exe,,,1.06 MB,,,zip_files
ZoomInstaller.exe,,,14.72 MB,,,zip_files
ghbmnnjooekpmoecnnnilnnbdlolhkhi,,,,1.100.1,,browser_apps
Edge relevant text changes,Unknown,,,1.2.1,,browser_apps
__MSG_shortName__,Unknown,,,4.40,,browser_apps
Autodesk,,,,,,deleted_traces
ModifiableWindowsApps,,,,,,deleted_traces
Uninstall Information,,,,,,deleted_traces
AggregatorHost,,,,,,processes
ApplicationFrameHost,,,,,,processes
AutoUpdate,,,,,,processes
chrome,,,,,,processes
Code,,,,,,processes
CompPkgSrv,,,,,,processes
conhost,,,,,,processes
cowork-svc,,,,,,processes
crashpad_handler,,,,,,processes
csrss,,,,,,processes
ctfmon,,,,,,processes
dasHost,,,,,,processes
dllhost,,,,,,processes
dwm,,,,,,processes
EPWD,,,,,,"processes, services"
ETDCtrl,,,,,,"processes, startup_items"
ETDCtrlHelper,,,,,,processes
ETDService,,,,,,"processes, services"
EXCEL,,,,,,processes
explorer,,,,,,processes
fontdrvhost,,,,,,processes
GitHubDesktop,,,,,,processes
Idle,,,,,,processes
igfxCUIService,,,,,,processes
igfxEM,,,,,,processes
IntelCpHDCPSvc,,,,,,processes
IntelCpHeciSvc,,,,,,processes
LockApp,,,,,,processes
LogiSyncHandler,,,,,,"processes, services"
LogiSyncMiddleware,,,,,,"processes, services"
LogiSyncProxy,,,,,,"processes, services"
lsass,,,,,,processes
Memory Compression,,,,,,processes
Microsoft.Media.Player,,,,,,processes
MoUsoCoreWorker,,,,,,processes
MpDefenderCoreService,,,,,,processes
msedge,,,,,,processes
msedgewebview2,,,,,,processes
MsMpEng,,,,,,processes
ms-teams,,,,,,processes
NisSrv,,,,,,processes
Ollama,,,,,,"processes, startup_items"
ollama app,,,,,,processes
OneApp.IGCC.WinService,,,,,,processes
OneDrive.Sync.Service,,,,,,processes
OpenConsole,,,,,,processes
pet,,,,,,processes
powershell,,,,,,processes
prevhost,,,,,,processes
python,,,,,,processes
RAVCpl64,,,,,,processes
Registry,,,,,,processes
RightSightService,,,,,,processes
RuntimeBroker,,,,,,processes
SearchApp,,,,,,processes
SearchIndexer,,,,,,processes
SecurityHealthService,,,,,,"processes, services"
SecurityHealthSystray,,,,,,processes
services,,,,,,processes
ShellExperienceHost,,,,,,processes
sihost,,,,,,processes
smartscreen,,,,,,processes
smss,,,,,,processes
SnippingTool,,,,,,processes
spoolsv,,,,,,processes
StartMenuExperienceHost,,,,,,processes
SUService,,,,,,processes
svchost,,,,,,processes
System,,,,,,processes
SystemSettings,,,,,,processes
taskhostw,,,,,,processes
TextInputHost,,,,,,processes
TracSrvWrapper,,,,,,"processes, services"
UserOOBEBroker,,,,,,processes
Video.UI,,,,,,processes
wininit,,,,,,processes
winlogon,,,,,,processes
AarSvc_51786d5,,,,,,services
AJRouter,,,,,,services
ALG,,,,,,services
AppIDSvc,,,,,,services
Appinfo,,,,,,services
AppMgmt,,,,,,services
AppReadiness,,,,,,services
AppVClient,,,,,,services
AppXSvc,,,,,,services
AssignedAccessManagerSvc,,,,,,services
AudioEndpointBuilder,,,,,,services
Audiosrv,,,,,,services
autotimesvc,,,,,,services
AxInstSV,,,,,,services
BcastDVRUserService_51786d5,,,,,,services
BDESVC,,,,,,services
BFE,,,,,,services
BITS,,,,,,services
BluetoothUserService_51786d5,,,,,,services
BrokerInfrastructure,,,,,,services
BTAGService,,,,,,services
BthAvctpSvc,,,,,,services
bthserv,,,,,,services
camsvc,,,,,,services
CaptureService_51786d5,,,,,,services
cbdhsvc_51786d5,,,,,,services
CDPSvc,,,,,,services
CDPUserSvc_51786d5,,,,,,services
CertPropSvc,,,,,,services
ClipSVC,,,,,,services
cloudidsvc,,,,,,services
COMSysApp,,,,,,services
ConsentUxUserSvc_51786d5,,,,,,services
CoreMessagingRegistrar,,,,,,services
CoworkVMService,,,,,,services
cphs,,,,,,services
cplspcon,,,,,,services
CredentialEnrollmentManagerUserSvc_51786d5,,,,,,services
CryptSvc,,,,,,services
CscService,,,,,,services
DcomLaunch,,,,,,services
dcsvc,,,,,,services
defragsvc,,,,,,services
DeviceAssociationBrokerSvc_51786d5,,,,,,services
DeviceAssociationService,,,,,,services
DeviceInstall,,,,,,services
DevicePickerUserSvc_51786d5,,,,,,services
DevicesFlowUserSvc_51786d5,,,,,,services
DevQueryBroker,,,,,,services
Dhcp,,,,,,services
diagnosticshub.standardcollector.service,,,,,,services
diagsvc,,,,,,services
DiagTrack,,,,,,services
DialogBlockingService,,,,,,services
DispBrokerDesktopSvc,,,,,,services
DisplayEnhancementService,,,,,,services
DmEnrollmentSvc,,,,,,services
dmwappushservice,,,,,,services
Dnscache,,,,,,services
DoSvc,,,,,,services
dot3svc,,,,,,services
DPS,,,,,,services
DsmSvc,,,,,,services
DsSvc,,,,,,services
DusmSvc,,,,,,services
Eaphost,,,,,,services
edgeupdate,,,,,,services
edgeupdatem,,,,,,services
EFS,,,,,,services
embeddedmode,,,,,,services
EntAppSvc,,,,,,services
EventLog,,,,,,services
EventSystem,,,,,,services
Fax,,,,,,services
fdPHost,,,,,,services
FDResPub,,,,,,services
fhsvc,,,,,,services
FontCache,,,,,,services
FrameServer,,,,,,services
GameInputSvc,,,,,,services
GoogleChromeElevationService,,,,,,services
GoogleUpdaterInternalService150.0.7863.0,,,,,,services
GoogleUpdaterService150.0.7863.0,,,,,,services
gpsvc,,,,,,services
GraphicsPerfSvc,,,,,,services
HCLAUTService,,,,,,services
hidserv,,,,,,services
HvHost,,,,,,services
icssvc,,,,,,services
igccservice,,,,,,services
igfxCUIService2.0.0.0,,,,,,services
IKEEXT,,,,,,services
InstallService,,,,,,services
iphlpsvc,,,,,,services
IpxlatCfgSvc,,,,,,services
KeyIso,,,,,,services
KtmRm,,,,,,services
LanmanServer,,,,,,services
LanmanWorkstation,,,,,,services
lfsvc,,,,,,services
LicenseManager,,,,,,services
lltdsvc,,,,,,services
lmhosts,,,,,,services
LNSUSvc,,,,,,services
LSM,,,,,,services
LxpSvc,,,,,,services
MapsBroker,,,,,,services
McpManagementService,,,,,,services
MDCoreSvc,,,,,,services
MessagingService_51786d5,,,,,,services
MicrosoftCopilotElevationService,,,,,,services
MicrosoftEdgeElevationService,,,,,,services
MixedRealityOpenXRSvc,,,,,,services
mpssvc,,,,,,services
MSDTC,,,,,,services
MSiSCSI,,,,,,services
msiserver,,,,,,services
MsKeyboardFilter,,,,,,services
NaturalAuthentication,,,,,,services
NcaSvc,,,,,,services
NcbService,,,,,,services
NcdAutoSetup,,,,,,services
Netlogon,,,,,,services
Netman,,,,,,services
netprofm,,,,,,services
NetSetupSvc,,,,,,services
NetTcpPortSharing,,,,,,services
NgcCtnrSvc,,,,,,services
NgcSvc,,,,,,services
NlaSvc,,,,,,services
nsi,,,,,,services
OneSyncSvc_51786d5,,,,,,services
ose,,,,,,services
p2pimsvc,,,,,,services
p2psvc,,,,,,services
PcaSvc,,,,,,services
PeerDistSvc,,,,,,services
perceptionsimulation,,,,,,services
PerfHost,,,,,,services
PhoneSvc,,,,,,services
PimIndexMaintenanceSvc_51786d5,,,,,,services
pla,,,,,,services
PlugPlay,,,,,,services
PNRPAutoReg,,,,,,services
PNRPsvc,,,,,,services
PolicyAgent,,,,,,services
Power,,,,,,services
PrintNotify,,,,,,services
PrintWorkflowUserSvc_51786d5,,,,,,services
ProfSvc,,,,,,services
PushToInstall,,,,,,services
QWAVE,,,,,,services
RasAuto,,,,,,services
RasMan,,,,,,services
RemoteAccess,,,,,,services
RemoteRegistry,,,,,,services
RetailDemo,,,,,,services
RmSvc,,,,,,services
RpcEptMapper,,,,,,services
RpcLocator,,,,,,services
RpcSs,,,,,,services
SamSs,,,,,,services
SCardSvr,,,,,,services
ScDeviceEnum,,,,,,services
Schedule,,,,,,services
SCPolicySvc,,,,,,services
SDRSVC,,,,,,services
seclogon,,,,,,services
SEMgrSvc,,,,,,services
SENS,,,,,,services
Sense,,,,,,services
SensorDataService,,,,,,services
SensorService,,,,,,services
SensrSvc,,,,,,services
SessionEnv,,,,,,services
SharedAccess,,,,,,services
SharedRealitySvc,,,,,,services
ShellHWDetection,,,,,,services
shpamsvc,,,,,,services
smphost,,,,,,services
SmsRouter,,,,,,services
SNMPTRAP,,,,,,services
spectrum,,,,,,services
Spooler,,,,,,services
sppsvc,,,,,,services
SSDPSRV,,,,,,services
ssh-agent,,,,,,services
SstpSvc,,,,,,services
StateRepository,,,,,,services
stisvc,,,,,,services
StorSvc,,,,,,services
svsvc,,,,,,services
swprv,,,,,,services
SysMain,,,,,,services
SystemEventsBroker,,,,,,services
TabletInputService,,,,,,services
TapiSrv,,,,,,services
TermService,,,,,,services
Themes,,,,,,services
TieringEngineService,,,,,,services
TimeBrokerSvc,,,,,,services
TokenBroker,,,,,,services
TrkWks,,,,,,services
TroubleshootingSvc,,,,,,services
TrustedInstaller,,,,,,services
tzautoupdate,,,,,,services
UdkUserSvc_51786d5,,,,,,services
UevAgentService,,,,,,services
uhssvc,,,,,,services
UmRdpService,,,,,,services
UnistoreSvc_51786d5,,,,,,services
upnphost,,,,,,services
UserDataSvc_51786d5,,,,,,services
UserManager,,,,,,services
UsoSvc,,,,,,services
VacSvc,,,,,,services
VaultSvc,,,,,,services
vds,,,,,,services
vmicguestinterface,,,,,,services
vmicheartbeat,,,,,,services
vmickvpexchange,,,,,,services
vmicrdv,,,,,,services
vmicshutdown,,,,,,services
vmictimesync,,,,,,services
vmicvmsession,,,,,,services
vmicvss,,,,,,services
VSS,,,,,,services
W32Time,,,,,,services
WaaSMedicSvc,,,,,,services
WalletService,,,,,,services
WarpJITSvc,,,,,,services
wbengine,,,,,,services
WbioSrvc,,,,,,services
Wcmsvc,,,,,,services
wcncsvc,,,,,,services
WdiServiceHost,,,,,,services
WdiSystemHost,,,,,,services
WdNisSvc,,,,,,services
WebClient,,,,,,services
WebexService,,,,,,services
Wecsvc,,,,,,services
WEPHOSTSVC,,,,,,services
wercplsupport,,,,,,services
WerSvc,,,,,,services
WFDSConMgrSvc,,,,,,services
WiaRpc,,,,,,services
WinDefend,,,,,,services
WinHttpAutoProxySvc,,,,,,services
Winmgmt,,,,,,services
WinRM,,,,,,services
wisvc,,,,,,services
WlanSvc,,,,,,services
wlidsvc,,,,,,services
wlpasvc,,,,,,services
WManSvc,,,,,,services
wmiApSrv,,,,,,services
WMPNetworkSvc,,,,,,services
workfolderssvc,,,,,,services
WpcMonSvc,,,,,,services
WPDBusEnum,,,,,,services
WpnService,,,,,,services
WpnUserService_51786d5,,,,,,services
wscsvc,,,,,,services
WSearch,,,,,,services
wuauserv,,,,,,services
WwanSvc,,,,,,services
XblAuthManager,,,,,,services
XblGameSave,,,,,,services
XboxGipSvc,,,,,,services
XboxNetApiSvc,,,,,,services
Zoho Assist-Remote Support,,,,,,services
SecurityHealth,,,,,,startup_items
RTHDVCPL,,,,,,startup_items
OneDrive,,,,,,startup_items
CiscoMeetingDaemon,,,,,,startup_items
com.squirrel.Teams.Teams,,,,,,startup_items
Microsoft.Lists,,,,,,startup_items
MicrosoftEdgeAutoLaunch_FA51B0B7ABC9DFA93AC4F9D5F405F89F,,,,,,startup_items
CiscoSpark,,,,,,startup_items
Teams,,,,,,startup_items
com.squirrel.slack.slack,,,,,,startup_items
Delete Cached Update Binary,,,,,,startup_items
Delete Cached Standalone Update Binary,,,,,,startup_items
Uninstall 26.088.0510.0004,,,,,,startup_items
desktop,,,,,,startup_items
